beneficiary_id,stage,asset_kind,relative_path,reason
"OPS-DM-001","NEW","beneficiary","OPS-DM-001/beneficiary.jpg","Early-stage record using the available registration portrait and fictional DEMO identity card."
"OPS-DM-001","NEW","id-proof","OPS-DM-001/id-proof.jpg","Early-stage record using the available registration portrait and fictional DEMO identity card."
"OPS-DM-003","PROCESSING","beneficiary","OPS-DM-003/beneficiary.jpg","Processing-stage example using the available survey, consent, identity, signature and LR evidence."
"OPS-DM-003","PROCESSING","survey-site","OPS-DM-003/survey-site.jpg","Processing-stage example using the available survey, consent, identity, signature and LR evidence."
"OPS-DM-003","PROCESSING","water-source","OPS-DM-003/water-source.jpg","Processing-stage example using the available survey, consent, identity, signature and LR evidence."
"OPS-DM-003","PROCESSING","id-proof","OPS-DM-003/id-proof.jpg","Processing-stage example using the available survey, consent, identity, signature and LR evidence."
"OPS-DM-003","PROCESSING","consent","OPS-DM-003/consent.jpg","Processing-stage example using the available survey, consent, identity, signature and LR evidence."
"OPS-DM-003","PROCESSING","signature","OPS-DM-003/signature.jpg","Processing-stage example using the available survey, consent, identity, signature and LR evidence."
"OPS-DM-003","PROCESSING","lr","OPS-DM-003/lr.jpg","Processing-stage example using the available survey, consent, identity, signature and LR evidence."
"OPS-DM-014","PROCESSING","beneficiary","OPS-DM-014/beneficiary.jpg","Installation-in-progress example using the available survey/material and installation evidence."
"OPS-DM-014","PROCESSING","survey-site","OPS-DM-014/survey-site.jpg","Installation-in-progress example using the available survey/material and installation evidence."
"OPS-DM-014","PROCESSING","water-source","OPS-DM-014/water-source.jpg","Installation-in-progress example using the available survey/material and installation evidence."
"OPS-DM-014","PROCESSING","id-proof","OPS-DM-014/id-proof.jpg","Installation-in-progress example using the available survey/material and installation evidence."
"OPS-DM-014","PROCESSING","consent","OPS-DM-014/consent.jpg","Installation-in-progress example using the available survey/material and installation evidence."
"OPS-DM-014","PROCESSING","signature","OPS-DM-014/signature.jpg","Installation-in-progress example using the available survey/material and installation evidence."
"OPS-DM-014","PROCESSING","lr","OPS-DM-014/lr.jpg","Installation-in-progress example using the available survey/material and installation evidence."
"OPS-DM-014","PROCESSING","install-before","OPS-DM-014/install-before.jpg","Installation-in-progress example using the available survey/material and installation evidence."
"OPS-DM-014","PROCESSING","install-during","OPS-DM-014/install-during.jpg","Installation-in-progress example using the available survey/material and installation evidence."
"OPS-DM-014","PROCESSING","serial-plate","OPS-DM-014/serial-plate.jpg","Installation-in-progress example using the available survey/material and installation evidence."
